Code,Name,Category,Subcategory,Size,Price,Description,Icon,Image_URLs
DEZ6501,LED Frame,LED Gifts,LED Frame,7x7 Inch,750,"Personalised acrylic LED frame with your custom name or design engraved and softly backlit. A striking desktop night light that makes a memorable birthday, anniversary or housewarming gift.",,/pages_7_to_26_products/page7_01.png
EEZ6501,LED Frame UV Print,LED Gifts,UV Print,5x7 Inch,850,"UV printed LED frame featuring a full-colour custom photo or artwork on an illuminated acrylic base. Vivid, durable print quality ideal for personalised gifting.",,/pages_7_to_26_products/page7_02.png
FEZ6501,LED Frame UV Photo,LED Gifts,UV Print,"5x7 Inch, 7x7 Inch",850,"Round LED photo frame with a UV printed portrait glowing from within. A charming keepsake for couples, family photos or special occasion memories.",,/pages_7_to_26_products/page7_03.png
FEZ6501,LED Engraving Photo,LED Gifts,Engraving,7x7 Inch,850,"Laser engraved photo on an illuminated acrylic stand, capturing fine portrait detail in crisp monochrome. A elegant lit-up memento for gifting.",,/pages_7_to_26_products/page7_04.png
BZZ4501,Magic Mirror,LED Gifts,Magic Mirror,,350,"Two-way magic mirror that reveals a hidden personalised photo when lit from behind. A playful, romantic keepsake perfect for couples and anniversaries.",,/pages_7_to_26_products/page7_05.png
BZZ4501,Magic Mirror Tabletop,LED Gifts,Magic Mirror,5x7 Inch,350,Compact tabletop magic mirror with a concealed custom photo that appears when switched on. A fun surprise-style personalised gift.,,/pages_7_to_26_products/page7_06.png
CEZ6501,MDF Frame,LED Gifts,MDF,8x12 Inch,550,Custom photo printed on an MDF panel with decorative starburst accents and warm LED backlighting. A budget-friendly personalised night light frame.,,/pages_7_to_26_products/page7_07.png
FEZ6501,Led Table Top,LED Gifts,LED,5x7 Inch,850,"Acrylic LED table top display with a laser-cut custom message and photo cutout, lit from a wooden base. A thoughtful personalised desk decor piece.",,/pages_7_to_26_products/page7_08.png
FEZ6701,Led Table Top Heart,LED Gifts,LED,12x12 Inch,850,"Heart-shaped LED table top with custom names, a date and photo cutout, glowing warmly from its wooden base. A romantic keepsake for anniversaries and weddings.",,/pages_7_to_26_products/page7_09.png
DEZ6701,Led Table Top MDF,LED Gifts,MDF,12x12 Inch,750,"Circular MDF LED table top featuring a custom photo silhouette and personalised text, illuminated from a wooden stand. A heartfelt personalised gift.",,/pages_7_to_26_products/page7_10.png
DEZ6701,Led Table Top Acrylic,LED Gifts,Acrylic,12x12 Inch,1100,"Premium acrylic version of our circular LED table top, offering a glossier finish and sharper backlit clarity for a custom photo and message.",,/pages_7_to_26_products/page7_11.png
HZZ6801,Led Table Top Name Cutout,LED Gifts,MDF,12x18 Inch,900,"Personalised LED name cutout table top with a custom photo insert, crown accents and warm LED lighting. Popular for couple and family gifting.",,/pages_7_to_26_products/page7_12.png
FEZ6501,Led Table Top Letter Blocks,LED Gifts,MDF,8x12 Inch,650,"Set of illuminated MDF letter blocks spelling out a custom name, each lit from within. A decorative, personalised LED display for any room.",,/pages_7_to_26_products/page7_13.png
JZZ4501,Acrylic Name Plate,Name Plates,Acrylic,15x24 Inch,1800,"Premium acrylic name plate with a polished finish, custom engraved names and elegant border detailing. Ideal for home entrances and office doors.",,/pages_7_to_26_products/page8_01.png
GZZ4801,Acrylic Name Plate Compact,Name Plates,Acrylic,8x15 Inch,1000,"Compact acrylic name plate finished with a sleek border design and custom family names. A durable, weatherproof choice for apartment doors.",,/pages_7_to_26_products/page8_02.png
GZZ4801,Acrylic Name Plate Horizontal,Name Plates,Acrylic,6x12 Inch,1000,"Horizontal acrylic name plate with custom engraved lettering, suited for smaller entryways while retaining a premium polished look.",,/pages_7_to_26_products/page8_03.png
JZZ4501,Acrylic Name Plate Large,Name Plates,Acrylic,12x18 Inch,1800,"Large-format acrylic name plate with decorative motifs and custom names, designed to make a strong first impression at your doorstep.",,/pages_7_to_26_products/page8_04.png
DEZ4501,Acrylic Name Plate Slim,Name Plates,Acrylic,12x6 Inch,600,"Slim, budget-friendly acrylic name plate with clean custom lettering, well suited to smaller doors and gates.",,/pages_7_to_26_products/page8_05.png
EEZ4501,Acrylic Name Plate Standard,Name Plates,Acrylic,8x12 Inch,800,Standard-size acrylic name plate offering a smooth glossy finish and custom engraved family or individual names.,,/pages_7_to_26_products/page8_06.png
BEZ4501,MDF Name Plate,Name Plates,MDF,6x12 Inch,400,"Affordable MDF name plate with custom names cut and finished for a warm, natural wood-toned look. Great value for everyday use.",,/pages_7_to_26_products/page8_07.png
GEZ4501,Acrylic Name Plate Wide,Name Plates,Acrylic,12x18 Inch,1200,"Wide acrylic name plate with a bold custom design, offering excellent visibility and a long-lasting glossy finish.",,/pages_7_to_26_products/page8_08.png
DEZ4501,Acrylic Name Plate Square,Name Plates,Acrylic,12x12 Inch,900,"Square-format acrylic name plate with a contemporary layout, custom engraved names and a durable polished surface.",,/pages_7_to_26_products/page8_09.png
BEZ4501,Name Plate UV Print,Name Plates,UV Print,8x12 Inch,500,UV printed name plate delivering full-colour custom designs and names with excellent fade resistance for outdoor use.,,/pages_7_to_26_products/page8_10.png
GEZ4501,MDF Name Plate Premium,Name Plates,MDF,15x15 Inch,1300,"Premium square MDF name plate with intricate custom detailing, offering a rich decorative statement piece for the home entrance.",,/pages_7_to_26_products/page8_11.png
,Acrylic Name Plate Jumbo,Name Plates,Acrylic,18x18 Inch,1800,"Jumbo square acrylic name plate designed for larger entrances, featuring custom names and a high-gloss premium finish.",,/pages_7_to_26_products/page8_12.png
,White Mug,Photo Mugs,Ceramic Mug,,200,"Classic white ceramic mug custom printed with your favourite photos or designs. A simple, everyday personalised gift for any occasion.",,/pages_7_to_26_products/page9_01.png
,Small Mug,Photo Mugs,Ceramic Mug,,200,"Compact ceramic mug custom printed with photos or text, perfect as a small personalised gift or desk companion.",,/pages_7_to_26_products/page9_02.png
,Couple Mug,Photo Mugs,Ceramic Mug,,399,Custom printed couple mug set featuring shared photos and a personal message. A sweet gifting option for anniversaries and Valentine's Day.,,/pages_7_to_26_products/page9_03.png
,Patch Mug,Photo Mugs,Ceramic Mug,,249,Ceramic mug with a colourful photo patch design allowing up to three custom photos. Vibrant and playful personalised drinkware.,,/pages_7_to_26_products/page9_04.png
,Patch Mug Heart,Photo Mugs,Ceramic Mug,,249,"Patch-style ceramic mug with a heart cut-out photo layout, supporting up to three custom photos for a romantic personalised gift.",,/pages_7_to_26_products/page9_05.png
,Patch Mug Premium,Photo Mugs,Ceramic Mug,,349,"Premium patch mug with an enhanced red-and-white photo collage design, supporting up to three custom photos.",,/pages_7_to_26_products/page9_06.png
,Magic Mug,Photo Mugs,Magic Mug,,399,"Colour-changing magic mug that reveals a hidden custom photo once hot liquid is poured in, supporting up to three photos. A fun surprise gift.",,/pages_7_to_26_products/page9_07.png
,Heart Handle Magic Mug,Photo Mugs,Magic Mug,,499,Heart-handled colour-changing magic mug revealing a custom photo collage when filled with a hot drink. A romantic personalised keepsake.,,/pages_7_to_26_products/page9_08.png
,Magic Mug Black,Photo Mugs,Magic Mug,,350,"Black colour-changing magic mug that unveils up to three custom photos as it warms with your drink, offering a bold reveal effect.",,/pages_7_to_26_products/page9_09.png
,Magic Mug Black Premium,Photo Mugs,Magic Mug,,350,"Premium black magic mug with an enhanced colour-change coating, revealing up to three custom photos when hot liquid is added.",,/pages_7_to_26_products/page9_10.png
,Beer Mug,Photo Mugs,Beer Mug,,450,"Frosted glass-style beer mug custom printed with your own design or logo, supporting up to three photos. A fun personalised gift for beer lovers.",,/pages_7_to_26_products/page9_11.png
,Heart Handle Magic Mug Duo,Photo Mugs,Magic Mug,,250,"Split hot-and-cold heart handle magic mug, revealing a custom photo collage as the surface heats up. Supports up to three photos.",,/pages_7_to_26_products/page9_11.png
BZZ650,Fur Cushion,Cushions,Fur,,350,"Soft fur-textured cushion custom printed with your favourite photo. A cosy, huggable personalised gift for home decor.",,/pages_7_to_26_products/page10_01.png
BZZ320,Fur Cushion Round,Cushions,Fur,,350,"Round fur cushion featuring a custom photo print, combining plush comfort with a personal touch for sofas and beds.",,/pages_7_to_26_products/page10_02.png
BEZ350,Full Print Cushion,Cushions,Satin,12x12 Inch,380,"Full-coverage custom printed cushion in a compact size, ideal for adding a personal photo accent to any room.",,/pages_7_to_26_products/page10_03.png
BEZ400,Full Print Cushion Large,Cushions,Satin,16x16 Inch,430,"Larger full-coverage custom printed cushion, offering a bold canvas for family photos, quotes or artwork.",,/pages_7_to_26_products/page10_04.png
CZZ420,Magic Cushion,Cushions,Magic,,480,"Colour-changing magic cushion that reveals a hidden custom photo under warmth or pressure. A novel, interactive personalised gift.",,/pages_7_to_26_products/page10_05.png
CZZ420,Led Cushion,Cushions,LED,,480,"LED-lit cushion with a custom illuminated photo or message, adding a soft glow to any living space.",,/pages_7_to_26_products/page10_06.png
CZZ500,Led Cushion Premium,Cushions,LED,,550,"Premium LED cushion with enhanced backlighting for a custom photo, offering a striking decorative night-light effect.",,/pages_7_to_26_products/page10_07.png
BZZ3203,Cushion,Cushions,Satin,,350,"Standard custom printed cushion cover featuring your chosen photo or design, finished with a soft satin texture.",,/pages_7_to_26_products/page10_08.png
CZZ400,Double Side Cushion,Cushions,Satin,,450,"Double-sided custom printed cushion with a different photo or design on each face, doubling the personalisation on one cushion.",,/pages_7_to_26_products/page10_09.png
CEZ390,Cushion Photo Grid,Cushions,Satin,,550,"Custom printed cushion featuring a multi-photo grid layout, perfect for showcasing several memories on one cover.",,/pages_7_to_26_products/page10_10.png
CEZ6550,Cushion Bordered,Cushions,Satin,,450,"Custom printed cushion with a decorative bordered layout, framing your chosen photo elegantly on a soft cover.",,/pages_7_to_26_products/page10_11.png
BZZ658,Smile Cushion,Cushions,Satin,,350,"Fun smile-shaped custom cushion featuring your photo at its centre, adding a playful personalised accent to any sofa.",,"/pages_7_to_26_products/page10_12.png,/pages_7_to_26_products/page10_13.png,/pages_7_to_26_products/page10_14.png"
D-7-,Name Diary,Diaries,Name Diary,,320,"Custom name-embossed diary with a durable cover, perfect as a professional or personal gifting item for daily notes.",,/pages_7_to_26_products/page11_01.png
D-5-,Name Diary Premium,Diaries,Name Diary,,400,"Premium custom name diary with an upgraded cover finish, ideal for corporate gifting or personal organisers.",,/pages_7_to_26_products/page11_02.png
D-15,Name Diary Deluxe,Diaries,Name Diary,,400,"Deluxe custom name diary featuring quality binding and a personalised cover, suited for office and everyday use.",,/pages_7_to_26_products/page11_03.png
D-16,Name Diary Classic,Diaries,Name Diary,,350,"Classic custom name diary with clean personalised branding on the cover, a practical everyday gifting choice.",,/pages_7_to_26_products/page11_04.png
D-14,Photo Diary,Diaries,Photo Diary,,250,"Custom photo diary with your chosen image printed on the cover, combining a personal keepsake with everyday functionality.",,/pages_7_to_26_products/page11_05.png
EZ050MDF,Photo Diary Print,Diaries,Photo Diary,,220,"Photo diary with a full custom print cover, offering an affordable way to personalise a daily planner or notebook.",,/pages_7_to_26_products/page11_06.png
HZ050,Photo Diary Compact,Diaries,Photo Diary,,180,"Compact custom photo diary, a pocket-friendly personalised notebook ideal for students and everyday note-taking.",,/pages_7_to_26_products/page11_07.png
GE050,Photo Diary Premium,Diaries,Photo Diary,,350,"Premium photo diary with enhanced print quality and cover finish, a thoughtful personalised gift for colleagues and friends.",,/pages_7_to_26_products/page11_08.png
GZ9009,MDF Diary,Diaries,MDF,,550,"Custom MDF-bound diary with an engraved wooden cover, offering a rustic, premium look for personal or corporate gifting.",,/pages_7_to_26_products/page11_09.png
GZ650,Multi Print Diary,Diaries,Multi Print,,350,"Diary featuring a multi-photo printed cover, letting you showcase several memories in one personalised notebook.",,"/pages_7_to_26_products/page11_10.png,/pages_7_to_26_products/page11_11.png,/pages_7_to_26_products/page11_12.png"
AZZ650,Keyring,Accessories,Keyring,,150,"Custom printed keyring featuring your chosen photo or design, a small but thoughtful personalised everyday accessory.",,/pages_7_to_26_products/page12_01.png
HZ650,Ribbon Keyring,Accessories,Keyring,,100,"Custom keyring with a decorative ribbon accent and personalised photo print, a charming affordable gifting option.",,/pages_7_to_26_products/page12_02.png
BE050MDF,Photo Keyring MDF,Accessories,Keyring,,50,"Affordable MDF photo keyring with a custom printed image, a simple and popular personalised gifting item.",,/pages_7_to_26_products/page12_03.png
CE050MDF,Both Side Photo Keyring MDF,Accessories,Keyring,,90,"Double-sided MDF keyring featuring custom photos printed on both faces, doubling the personal touch.",,/pages_7_to_26_products/page12_04.png
CE050 ACYLIC,Photo Keyring Acrylic,Accessories,Keyring,,80,Acrylic photo keyring with a clear glossy finish showcasing your custom printed image with excellent clarity.,,/pages_7_to_26_products/page12_05.png
FE050 ACYLIC,Both Side Photo Keyring Acrylic,Accessories,Keyring,,100,"Premium acrylic keyring printed with custom photos on both sides, combining durability with a polished finish.",,/pages_7_to_26_products/page12_06.png
EZ050MDF,Engraving MDF Keyring,Accessories,Keyring,,100,"Laser engraved MDF keyring with custom text or names, offering a natural wood-toned personalised accessory.",,/pages_7_to_26_products/page12_07.png
EZ050MDF,Engraving MDF Keyring Round,Accessories,Keyring,,100,"Round laser engraved MDF keyring with a custom name or message, a compact and elegant personalised gift.",,/pages_7_to_26_products/page12_08.png
HZ050,Metal Keyring,Accessories,Keyring,,180,"Sturdy metal keyring with custom engraving, offering a premium weighty feel and long-lasting durability.",,/pages_7_to_26_products/page12_09.png
GE050,Metal Keyring Premium,Accessories,Keyring,,200,"Premium metal keyring with detailed custom engraving, an upscale personalised accessory ideal for corporate gifting.",,/pages_7_to_26_products/page12_10.png
GZ9009,Acrylic Keyring,Accessories,Keyring,,150,"Custom acrylic keyring with a glossy printed design, blending durability and vibrant colour reproduction.",,/pages_7_to_26_products/page12_10.png
GZ650,Acrylic Keyring Compact,Accessories,Keyring,,100,"Compact acrylic keyring featuring a custom printed photo or design, an affordable everyday personalised accessory.",,/pages_7_to_26_products/page12_10.png
AZZ650,Keyring Standard,Accessories,Keyring,,150,"Standard custom printed keyring with a durable coating, a versatile everyday personalised gifting choice.",,/pages_7_to_26_products/page12_10.png
HZ650,Ribbon Keyring Standard,Accessories,Keyring,,100,"Custom keyring finished with a decorative ribbon, offering an affordable and charming personalised accessory.",,/pages_7_to_26_products/page12_10.png
BE050MDF,Golden Pen MDF,Office Supplies,Pen,,180,"Elegant golden-finish pen with a custom engraved MDF barrel accent, a refined personalised writing gift.",,/pages_7_to_26_products/page13_01.png
CE050MDF,Golden Pen MDF Compact,Office Supplies,Pen,,99,"Compact golden pen with a custom engraved MDF detail, an affordable yet elegant personalised gifting option.",,/pages_7_to_26_products/page13_02.png
CE050 ACYLIC,Golden Pen Acrylic,Office Supplies,Pen,,80,"Golden pen featuring a custom printed acrylic accent, combining a premium look with budget-friendly pricing.",,/pages_7_to_26_products/page13_03.png
DE050 ACYLIC,Golden Pen Acrylic Premium,Office Supplies,Pen,,150,"Premium golden pen with an upgraded acrylic custom engraved section, ideal for corporate and festive gifting.",,/pages_7_to_26_products/page13_04.png
EZ050MDF,Doctor Pen MDF,Office Supplies,Pen,,100,"Doctor-style pen with a custom engraved MDF barrel, a thoughtful personalised gift for medical professionals.",,/pages_7_to_26_products/page13_05.png
EZ050MDF,Doctor Pen MDF Compact,Office Supplies,Pen,,30,"Budget-friendly doctor-style pen with a custom engraved accent, a simple personalised gift for everyday use.",,/pages_7_to_26_products/page13_06.png
HZ050,Doctor Pen Metal,Office Supplies,Pen,,180,"Metal-bodied doctor-style pen with custom engraving, offering a durable and professional personalised writing instrument.",,/pages_7_to_26_products/page13_07.png
DE050,Doctor Pen Premium,Office Supplies,Pen,,200,"Premium doctor-style pen with detailed custom engraving, a polished gift suited for medical professionals and colleagues.",,/pages_7_to_26_products/page13_08.png
GZ9009,Advocate Pen,Office Supplies,Pen,,150,"Advocate-style pen with a custom engraved design, a distinguished personalised gift for legal professionals.",,/pages_7_to_26_products/page13_09.png
GZ650,Advocate Pen Compact,Office Supplies,Pen,,100,"Compact advocate-style pen with custom engraving, an affordable professional gifting option.",,/pages_7_to_26_products/page13_09.png
AZZ650,Wooden Pen,Office Supplies,Pen,,150,"Natural wooden pen with custom engraved text or names, offering an eco-friendly and elegant personalised writing gift.",,/pages_7_to_26_products/page13_09.png
HZ650,Wooden Pen Compact,Office Supplies,Pen,,100,"Compact wooden pen with a custom engraved detail, a simple and sustainable personalised gifting choice.",,/pages_7_to_26_products/page13_09.png
,Normal Sketch (Single Face),Art & Portraits,Pencil Sketch,8x12,500,"Hand-crafted custom normal sketch in 8x12 inch size, single face portrait style. A personalised piece of art made from your photo, perfect as a heartfelt keepsake or gift.",,/pages_7_to_26_products/page14_01.png
,Normal Sketch (Single Face),Art & Portraits,Pencil Sketch,12x18,1000,"Hand-crafted custom normal sketch in 12x18 inch size, single face portrait style. A personalised piece of art made from your photo, perfect as a heartfelt keepsake or gift.",,/pages_7_to_26_products/page14_02.png
,Normal Sketch (Single Face),Art & Portraits,Pencil Sketch,14x22,2000,"Hand-crafted custom normal sketch in 14x22 inch size, single face portrait style. A personalised piece of art made from your photo, perfect as a heartfelt keepsake or gift.",,/pages_7_to_26_products/page14_03.png
,Normal Sketch (Couple),Art & Portraits,Pencil Sketch,8x12,800,"Hand-crafted custom normal sketch in 8x12 inch size, couple portrait style. A personalised piece of art made from your photo, perfect as a heartfelt keepsake or gift.",,/pages_7_to_26_products/page14_04.png
,Normal Sketch (Couple),Art & Portraits,Pencil Sketch,12x18,1500,"Hand-crafted custom normal sketch in 12x18 inch size, couple portrait style. A personalised piece of art made from your photo, perfect as a heartfelt keepsake or gift.",,/pages_7_to_26_products/page14_05.png
,Normal Sketch (Couple),Art & Portraits,Pencil Sketch,14x22,3000,"Hand-crafted custom normal sketch in 14x22 inch size, couple portrait style. A personalised piece of art made from your photo, perfect as a heartfelt keepsake or gift.",,/pages_7_to_26_products/page14_06.png
,Beautiful Sketch (Single Face),Art & Portraits,Pencil Sketch,8x12,1100,"Hand-crafted custom beautiful sketch in 8x12 inch size, single face portrait style. A personalised piece of art made from your photo, perfect as a heartfelt keepsake or gift.",,/pages_7_to_26_products/page14_07.png
,Beautiful Sketch (Single Face),Art & Portraits,Pencil Sketch,12x18,2000,"Hand-crafted custom beautiful sketch in 12x18 inch size, single face portrait style. A personalised piece of art made from your photo, perfect as a heartfelt keepsake or gift.",,/pages_7_to_26_products/page14_08.png
,Beautiful Sketch (Single Face),Art & Portraits,Pencil Sketch,14x22,3000,"Hand-crafted custom beautiful sketch in 14x22 inch size, single face portrait style. A personalised piece of art made from your photo, perfect as a heartfelt keepsake or gift.",,/pages_7_to_26_products/page14_09.png
,Beautiful Sketch (Couple),Art & Portraits,Pencil Sketch,8x12,1600,"Hand-crafted custom beautiful sketch in 8x12 inch size, couple portrait style. A personalised piece of art made from your photo, perfect as a heartfelt keepsake or gift.",,/pages_7_to_26_products/page14_10.png
,Beautiful Sketch (Couple),Art & Portraits,Pencil Sketch,12x18,2500,"Hand-crafted custom beautiful sketch in 12x18 inch size, couple portrait style. A personalised piece of art made from your photo, perfect as a heartfelt keepsake or gift.",,/pages_7_to_26_products/page15_01.png
,Beautiful Sketch (Couple),Art & Portraits,Pencil Sketch,14x22,4000,"Hand-crafted custom beautiful sketch in 14x22 inch size, couple portrait style. A personalised piece of art made from your photo, perfect as a heartfelt keepsake or gift.",,/pages_7_to_26_products/page15_02.png
,Hyper Realistic Sketch (Single Face),Art & Portraits,Pencil Sketch,8x12,2100,"Hand-crafted custom hyper realistic sketch in 8x12 inch size, single face portrait style. A personalised piece of art made from your photo, perfect as a heartfelt keepsake or gift.",,/pages_7_to_26_products/page15_03.png
,Hyper Realistic Sketch (Single Face),Art & Portraits,Pencil Sketch,12x18,4100,"Hand-crafted custom hyper realistic sketch in 12x18 inch size, single face portrait style. A personalised piece of art made from your photo, perfect as a heartfelt keepsake or gift.",,/pages_7_to_26_products/page15_04.png
,Hyper Realistic Sketch (Single Face),Art & Portraits,Pencil Sketch,14x22,6100,"Hand-crafted custom hyper realistic sketch in 14x22 inch size, single face portrait style. A personalised piece of art made from your photo, perfect as a heartfelt keepsake or gift.",,/pages_7_to_26_products/page15_05.png
,Hyper Realistic Sketch (Couple),Art & Portraits,Pencil Sketch,8x12,3100,"Hand-crafted custom hyper realistic sketch in 8x12 inch size, couple portrait style. A personalised piece of art made from your photo, perfect as a heartfelt keepsake or gift.",,/pages_7_to_26_products/page16_01.png
,Hyper Realistic Sketch (Couple),Art & Portraits,Pencil Sketch,12x18,6100,"Hand-crafted custom hyper realistic sketch in 12x18 inch size, couple portrait style. A personalised piece of art made from your photo, perfect as a heartfelt keepsake or gift.",,/pages_7_to_26_products/page16_02.png
,Hyper Realistic Sketch (Couple),Art & Portraits,Pencil Sketch,14x22,6500,"Hand-crafted custom hyper realistic sketch in 14x22 inch size, couple portrait style. A personalised piece of art made from your photo, perfect as a heartfelt keepsake or gift.",,"/pages_7_to_26_products/page16_03.png,/pages_7_to_26_products/page16_04.png,/pages_7_to_26_products/page16_05.png,/pages_7_to_26_products/page16_06.png"
,Colour Sketch (Single Face),Art & Portraits,Colour Sketch,8x12,2000,"Hand-crafted custom colour sketch in 8x12 inch size, single face portrait style. A personalised piece of art made from your photo, perfect as a heartfelt keepsake or gift.",,"/pages_7_to_26_products/page17_01.png,/pages_7_to_26_products/page17_02.png"
,Colour Sketch (Single Face),Art & Portraits,Colour Sketch,12x18,4000,"Hand-crafted custom colour sketch in 12x18 inch size, single face portrait style. A personalised piece of art made from your photo, perfect as a heartfelt keepsake or gift.",,"/pages_7_to_26_products/page17_03.png,/pages_7_to_26_products/page17_04.png"
,Colour Sketch (Single Face),Art & Portraits,Colour Sketch,14x22,6000,"Hand-crafted custom colour sketch in 14x22 inch size, single face portrait style. A personalised piece of art made from your photo, perfect as a heartfelt keepsake or gift.",,"/pages_7_to_26_products/page17_05.png,/pages_7_to_26_products/page17_06.png"
,Colour Sketch (Couple),Art & Portraits,Colour Sketch,8x12,3000,"Hand-crafted custom colour sketch in 8x12 inch size, couple portrait style. A personalised piece of art made from your photo, perfect as a heartfelt keepsake or gift.",,"/pages_7_to_26_products/page17_07.png,/pages_7_to_26_products/page17_08.png"
,Colour Sketch (Couple),Art & Portraits,Colour Sketch,12x18,6000,"Hand-crafted custom colour sketch in 12x18 inch size, couple portrait style. A personalised piece of art made from your photo, perfect as a heartfelt keepsake or gift.",,"/pages_7_to_26_products/page17_09.png,/pages_7_to_26_products/page17_10.png"
,Colour Sketch (Couple),Art & Portraits,Colour Sketch,14x22,8000,"Hand-crafted custom colour sketch in 14x22 inch size, couple portrait style. A personalised piece of art made from your photo, perfect as a heartfelt keepsake or gift.",,"/pages_7_to_26_products/page17_11.png,/pages_7_to_26_products/page17_12.png"
,Canvas Painting (Single Face),Art & Portraits,Canvas Painting,8x12,2500,"Hand-crafted custom canvas painting in 8x12 inch size, single face portrait style. A personalised piece of art made from your photo, perfect as a heartfelt keepsake or gift.",,"/pages_7_to_26_products/page18_01.png,/pages_7_to_26_products/page18_02.png"
,Canvas Painting (Single Face),Art & Portraits,Canvas Painting,12x18,5000,"Hand-crafted custom canvas painting in 12x18 inch size, single face portrait style. A personalised piece of art made from your photo, perfect as a heartfelt keepsake or gift.",,"/pages_7_to_26_products/page18_03.png,/pages_7_to_26_products/page18_04.png"
,Canvas Painting (Single Face),Art & Portraits,Canvas Painting,14x22,9800,"Hand-crafted custom canvas painting in 14x22 inch size, single face portrait style. A personalised piece of art made from your photo, perfect as a heartfelt keepsake or gift.",,"/pages_7_to_26_products/page18_05.png,/pages_7_to_26_products/page18_06.png"
,Canvas Painting (Couple),Art & Portraits,Canvas Painting,12x18,7000,"Hand-crafted custom canvas painting in 12x18 inch size, couple portrait style. A personalised piece of art made from your photo, perfect as a heartfelt keepsake or gift.",,"/pages_7_to_26_products/page18_07.png,/pages_7_to_26_products/page18_08.png"
,Canvas Painting (Couple),Art & Portraits,Canvas Painting,14x22,14000,"Hand-crafted custom canvas painting in 14x22 inch size, couple portrait style. A personalised piece of art made from your photo, perfect as a heartfelt keepsake or gift.",,"/pages_7_to_26_products/page18_09.png,/pages_7_to_26_products/page18_10.png,/pages_7_to_26_products/page18_11.png,/pages_7_to_26_products/page18_12.png,/pages_7_to_26_products/page18_13.png,/pages_7_to_26_products/page18_14.png"
AZZ-1,Photo Frame Mirror,Home Decor,Mirror Frame,8x12 Inch,250,"Custom photo frame mirror in mirror frame finish, sized 8x12 Inch, printed with your chosen photo. A quality, ready-to-hang personalised decor piece for home or office.",,"/pages_7_to_26_products/page19_01.png,/pages_7_to_26_products/page19_02.png,/pages_7_to_26_products/page19_03.png,/pages_7_to_26_products/page19_04.png,/pages_7_to_26_products/page19_05.png,/pages_7_to_26_products/page19_06.png"
BZZ-2,Photo Frame Mirror,Home Decor,Mirror Frame,12x18 Inch,350,"Custom photo frame mirror in mirror frame finish, sized 12x18 Inch, printed with your chosen photo. A quality, ready-to-hang personalised decor piece for home or office.",,"/pages_7_to_26_products/page19_07.png,/pages_7_to_26_products/page19_08.png,/pages_7_to_26_products/page19_09.png,/pages_7_to_26_products/page19_10.png,/pages_7_to_26_products/page19_11.png,/pages_7_to_26_products/page19_12.png"
DEZ-3,Photo Frame Mirror,Home Decor,Mirror Frame,16x24 Inch,800,"Custom photo frame mirror in mirror frame finish, sized 16x24 Inch, printed with your chosen photo. A quality, ready-to-hang personalised decor piece for home or office.",,"/pages_7_to_26_products/page19_13.png,/pages_7_to_26_products/page19_14.png,/pages_7_to_26_products/page19_15.png,/pages_7_to_26_products/page19_16.png,/pages_7_to_26_products/page19_17.png,/pages_7_to_26_products/page19_18.png"
FZZ-4,Photo Frame Mirror,Home Decor,Mirror Frame,20x30 Inch,1200,"Custom photo frame mirror in mirror frame finish, sized 20x30 Inch, printed with your chosen photo. A quality, ready-to-hang personalised decor piece for home or office.",,"/pages_7_to_26_products/page19_19.png,/pages_7_to_26_products/page19_20.png,/pages_7_to_26_products/page19_21.png,/pages_7_to_26_products/page19_22.png,/pages_7_to_26_products/page19_23.png,/pages_7_to_26_products/page19_24.png,/pages_7_to_26_products/page19_25.png,/pages_7_to_26_products/page19_26.png,/pages_7_to_26_products/page19_27.png"
AZZ-1,Lamination Frame,Home Decor,Lamination,8x12 Inch,250,"Custom lamination frame in lamination finish, sized 8x12 Inch, printed with your chosen photo. A quality, ready-to-hang personalised decor piece for home or office.",,"/pages_7_to_26_products/page20_01.png,/pages_7_to_26_products/page20_02.png,/pages_7_to_26_products/page20_03.png"
BZZ-2,Lamination Frame,Home Decor,Lamination,12x18 Inch,450,"Custom lamination frame in lamination finish, sized 12x18 Inch, printed with your chosen photo. A quality, ready-to-hang personalised decor piece for home or office.",,"/pages_7_to_26_products/page20_04.png,/pages_7_to_26_products/page20_05.png,/pages_7_to_26_products/page20_06.png"
DEZ-3,Lamination Frame,Home Decor,Lamination,16x24 Inch,900,"Custom lamination frame in lamination finish, sized 16x24 Inch, printed with your chosen photo. A quality, ready-to-hang personalised decor piece for home or office.",,"/pages_7_to_26_products/page20_07.png,/pages_7_to_26_products/page20_08.png,/pages_7_to_26_products/page20_09.png"
FZZ-4,Lamination Frame,Home Decor,Lamination,20x30 Inch,1200,"Custom lamination frame in lamination finish, sized 20x30 Inch, printed with your chosen photo. A quality, ready-to-hang personalised decor piece for home or office.",,"/pages_7_to_26_products/page20_10.png,/pages_7_to_26_products/page20_11.png,/pages_7_to_26_products/page20_12.png"
ACZZ-4,Lamination Frame,Home Decor,Lamination,24x36 Inch,1800,"Custom lamination frame in lamination finish, sized 24x36 Inch, printed with your chosen photo. A quality, ready-to-hang personalised decor piece for home or office.",,"/pages_7_to_26_products/page20_13.png,/pages_7_to_26_products/page20_14.png,/pages_7_to_26_products/page20_15.png,/pages_7_to_26_products/page20_16.png,/pages_7_to_26_products/page20_17.png,/pages_7_to_26_products/page20_18.png"
FZZ-2,LED Frame,Home Decor,LED,12x18 Inch,999,"Custom led frame in led finish, sized 12x18 Inch, printed with your chosen photo. A quality, ready-to-hang personalised decor piece for home or office.",,"/pages_7_to_26_products/page21_01.png,/pages_7_to_26_products/page21_02.png,/pages_7_to_26_products/page21_03.png,/pages_7_to_26_products/page21_04.png,/pages_7_to_26_products/page21_05.png"
CEZZ-3,LED Frame,Home Decor,LED,16x24 Inch,1500,"Custom led frame in led finish, sized 16x24 Inch, printed with your chosen photo. A quality, ready-to-hang personalised decor piece for home or office.",,"/pages_7_to_26_products/page21_06.png,/pages_7_to_26_products/page21_07.png,/pages_7_to_26_products/page21_08.png,/pages_7_to_26_products/page21_09.png,/pages_7_to_26_products/page21_10.png"
AEZZ-4,LED Frame,Home Decor,LED,20x30 Inch,1999,"Custom led frame in led finish, sized 20x30 Inch, printed with your chosen photo. A quality, ready-to-hang personalised decor piece for home or office.",,"/pages_7_to_26_products/page21_11.png,/pages_7_to_26_products/page21_12.png,/pages_7_to_26_products/page21_13.png,/pages_7_to_26_products/page21_14.png,/pages_7_to_26_products/page21_15.png"
BCZZ-24,LED Frame,Home Decor,LED,24x36 Inch,2999,"Custom led frame in led finish, sized 24x36 Inch, printed with your chosen photo. A quality, ready-to-hang personalised decor piece for home or office.",,"/pages_7_to_26_products/page21_16.png,/pages_7_to_26_products/page21_17.png,/pages_7_to_26_products/page21_18.png,/pages_7_to_26_products/page21_19.png,/pages_7_to_26_products/page21_20.png"
IZ-46,Acrylic Frame,Home Decor,Acrylic,4x6 Inch,150,"Custom acrylic frame in acrylic finish, sized 4x6 Inch, printed with your chosen photo. A quality, ready-to-hang personalised decor piece for home or office.",,/pages_7_to_26_products/page22_01.png
AZZ-8,Acrylic Frame,Home Decor,Acrylic,8x12 Inch,550,"Custom acrylic frame in acrylic finish, sized 8x12 Inch, printed with your chosen photo. A quality, ready-to-hang personalised decor piece for home or office.",,/pages_7_to_26_products/page22_02.png
BZZ-12,Acrylic Frame,Home Decor,Acrylic,12x18 Inch,900,"Custom acrylic frame in acrylic finish, sized 12x18 Inch, printed with your chosen photo. A quality, ready-to-hang personalised decor piece for home or office.",,/pages_7_to_26_products/page22_03.png
GZZ-16,Acrylic Frame,Home Decor,Acrylic,16x24 Inch,1500,"Custom acrylic frame in acrylic finish, sized 16x24 Inch, printed with your chosen photo. A quality, ready-to-hang personalised decor piece for home or office.",,/pages_7_to_26_products/page22_04.png
BZZZ-4,Acrylic Frame,Home Decor,Acrylic,20x30 Inch,2000,"Custom acrylic frame in acrylic finish, sized 20x30 Inch, printed with your chosen photo. A quality, ready-to-hang personalised decor piece for home or office.",,/pages_7_to_26_products/page22_05.png
BZZ-1,Canvas Frame,Home Decor,Canvas,8x12 Inch,350,"Custom canvas frame in canvas finish, sized 8x12 Inch, printed with your chosen photo. A quality, ready-to-hang personalised decor piece for home or office.",,/pages_7_to_26_products/page22_06.png
DZZ-2,Canvas Frame,Home Decor,Canvas,12x18 Inch,600,"Custom canvas frame in canvas finish, sized 12x18 Inch, printed with your chosen photo. A quality, ready-to-hang personalised decor piece for home or office.",,/pages_7_to_26_products/page22_07.png
GEZ-3,Canvas Frame,Home Decor,Canvas,16x24 Inch,900,"Custom canvas frame in canvas finish, sized 16x24 Inch, printed with your chosen photo. A quality, ready-to-hang personalised decor piece for home or office.",,/pages_7_to_26_products/page22_08.png
IZZ-4,Canvas Frame,Home Decor,Canvas,20x30 Inch,1500,"Custom canvas frame in canvas finish, sized 20x30 Inch, printed with your chosen photo. A quality, ready-to-hang personalised decor piece for home or office.",,/pages_7_to_26_products/page22_09.png
HZZ-2,Clipon Frame,Home Decor,Clipon,12x18 Inch,1300,"Custom clipon frame in clipon finish, sized 12x18 Inch, printed with your chosen photo. A quality, ready-to-hang personalised decor piece for home or office.",,/pages_7_to_26_products/page22_10.png
AAEZ-3,Clipon Frame,Home Decor,Clipon,16x24 Inch,1900,"Custom clipon frame in clipon finish, sized 16x24 Inch, printed with your chosen photo. A quality, ready-to-hang personalised decor piece for home or office.",,/pages_7_to_26_products/page22_11.png
ADZZ-4,Clipon Frame,Home Decor,Clipon,20x30 Inch,2500,"Custom clipon frame in clipon finish, sized 20x30 Inch, printed with your chosen photo. A quality, ready-to-hang personalised decor piece for home or office.",,"/pages_7_to_26_products/page22_12.png,/pages_7_to_26_products/page22_13.png,/pages_7_to_26_products/page22_14.png,/pages_7_to_26_products/page22_15.png,/pages_7_to_26_products/page22_16.png,/pages_7_to_26_products/page22_17.png,/pages_7_to_26_products/page22_18.png,/pages_7_to_26_products/page22_19.png"
,Photo Frame Design Charge,Printing Services,Design Service,,200,One-time custom design charge applied when a bespoke photo frame layout is requested. Covers professional design setup prior to printing.,,"/pages_7_to_26_products/page23_01.png,/pages_7_to_26_products/page23_02.png,/pages_7_to_26_products/page23_03.png,/pages_7_to_26_products/page23_04.png,/pages_7_to_26_products/page23_05.png,/pages_7_to_26_products/page23_06.png,/pages_7_to_26_products/page23_07.png"
,Sublimation Print 8x12 Inch,Printing Services,Sublimation Printing,8x12 Inch,10,"Professional sublimation printing service in 8x12 Inch size, priced per print for small orders. Bulk order discounts apply for larger quantities — ask for volume pricing.",,"/pages_7_to_26_products/page24_01.png,/pages_7_to_26_products/page24_02.png"
,Sublimation Print 12x18 Inch,Printing Services,Sublimation Printing,12x18 Inch,20,"Professional sublimation printing service in 12x18 Inch size, priced per print for small orders. Bulk order discounts apply for larger quantities — ask for volume pricing.",,"/pages_7_to_26_products/page24_03.png,/pages_7_to_26_products/page24_04.png"
,Sublimation Print 24x39 Inch,Printing Services,Sublimation Printing,24x39 Inch,50,"Professional sublimation printing service in 24x39 Inch size, priced per print for small orders. Bulk order discounts apply for larger quantities — ask for volume pricing.",,"/pages_7_to_26_products/page24_05.png,/pages_7_to_26_products/page24_06.png"
,Sublimation Print 44x39 Inch,Printing Services,Sublimation Printing,44x39 Inch,100,"Professional sublimation printing service in 44x39 Inch size, priced per print for small orders. Bulk order discounts apply for larger quantities — ask for volume pricing.",,"/pages_7_to_26_products/page24_07.png,/pages_7_to_26_products/page24_08.png"
,Digital Print - Photo Paper,Printing Services,Photo Paper,8x12 Inch,20,"High-quality digital printing on photo paper in 8x12 Inch size. A durable, vibrant print finish suitable for posters, banners and promotional display.",,/pages_7_to_26_products/page25_01.png
,Digital Print - Photo Paper,Printing Services,Photo Paper,12x18 Inch,50,"High-quality digital printing on photo paper in 12x18 Inch size. A durable, vibrant print finish suitable for posters, banners and promotional display.",,/pages_7_to_26_products/page25_02.png
,Digital Print - Photo Paper,Printing Services,Photo Paper,16x24 Inch,150,"High-quality digital printing on photo paper in 16x24 Inch size. A durable, vibrant print finish suitable for posters, banners and promotional display.",,/pages_7_to_26_products/page25_03.png
,Digital Print - Photo Paper,Printing Services,Photo Paper,24x36 Inch,200,"High-quality digital printing on photo paper in 24x36 Inch size. A durable, vibrant print finish suitable for posters, banners and promotional display.",,"/pages_7_to_26_products/page25_04.png,/pages_7_to_26_products/page25_05.png,/pages_7_to_26_products/page25_06.png"
,Digital Print - Vinyl,Printing Services,Vinyl,8x12 Inch,20,"High-quality digital printing on vinyl in 8x12 Inch size. A durable, vibrant print finish suitable for posters, banners and promotional display.",,/pages_7_to_26_products/page26_01.png
,Digital Print - Vinyl,Printing Services,Vinyl,12x18 Inch,50,"High-quality digital printing on vinyl in 12x18 Inch size. A durable, vibrant print finish suitable for posters, banners and promotional display.",,/pages_7_to_26_products/page26_02.png
,Digital Print - Vinyl,Printing Services,Vinyl,16x24 Inch,150,"High-quality digital printing on vinyl in 16x24 Inch size. A durable, vibrant print finish suitable for posters, banners and promotional display.",,/pages_7_to_26_products/page26_03.png
,Digital Print - Vinyl,Printing Services,Vinyl,24x36 Inch,200,"High-quality digital printing on vinyl in 24x36 Inch size. A durable, vibrant print finish suitable for posters, banners and promotional display.",,/pages_7_to_26_products/page26_04.png
,Digital Print - Canvas,Printing Services,Canvas,8x12 Inch,20,"High-quality digital printing on canvas in 8x12 Inch size. A durable, vibrant print finish suitable for posters, banners and promotional display.",,/pages_7_to_26_products/page26_05.png
,Digital Print - Canvas,Printing Services,Canvas,12x18 Inch,50,"High-quality digital printing on canvas in 12x18 Inch size. A durable, vibrant print finish suitable for posters, banners and promotional display.",,/pages_7_to_26_products/page26_06.png
,Digital Print - Canvas,Printing Services,Canvas,16x24 Inch,150,"High-quality digital printing on canvas in 16x24 Inch size. A durable, vibrant print finish suitable for posters, banners and promotional display.",,/pages_7_to_26_products/page26_07.png
,Digital Print - Canvas,Printing Services,Canvas,24x36 Inch,200,"High-quality digital printing on canvas in 24x36 Inch size. A durable, vibrant print finish suitable for posters, banners and promotional display.",,/pages_7_to_26_products/page26_08.png
,Digital Print - Cloth Banner,Printing Services,Cloth Banner,8x12 Inch,20,"High-quality digital printing on cloth banner in 8x12 Inch size. A durable, vibrant print finish suitable for posters, banners and promotional display.",,/pages_7_to_26_products/page26_09.png
,Digital Print - Cloth Banner,Printing Services,Cloth Banner,12x18 Inch,50,"High-quality digital printing on cloth banner in 12x18 Inch size. A durable, vibrant print finish suitable for posters, banners and promotional display.",,/pages_7_to_26_products/page26_09.png
,Digital Print - Cloth Banner,Printing Services,Cloth Banner,16x24 Inch,150,"High-quality digital printing on cloth banner in 16x24 Inch size. A durable, vibrant print finish suitable for posters, banners and promotional display.",,/pages_7_to_26_products/page26_09.png
,Digital Print - Cloth Banner,Printing Services,Cloth Banner,24x36 Inch,200,"High-quality digital printing on cloth banner in 24x36 Inch size. A durable, vibrant print finish suitable for posters, banners and promotional display.",,/pages_7_to_26_products/page26_09.png
